<?xml version="1.0" encoding="utf-8"?>
<feed xmlns="http://www.w3.org/2005/Atom">
  <title>Mari&#39;s Notes</title>
  
  <link href="/atom.xml" rel="self"/>
  
  <link href="http://yoursite.com/"/>
  <updated>2017-07-25T15:40:15.566Z</updated>
  <id>http://yoursite.com/</id>
  
  <author>
    <name>Mari</name>
    
  </author>
  
  <generator uri="http://hexo.io/">Hexo</generator>
  
  <entry>
    <title>轻量级自定义圆角ImageView-适配-Android-L</title>
    <link href="http://yoursite.com/2017/07/25/%E8%BD%BB%E9%87%8F%E7%BA%A7%E8%87%AA%E5%AE%9A%E4%B9%89%E5%9C%86%E8%A7%92ImageView-%E9%80%82%E9%85%8D-Android-L/"/>
    <id>http://yoursite.com/2017/07/25/轻量级自定义圆角ImageView-适配-Android-L/</id>
    <published>2017-07-25T14:46:42.000Z</published>
    <updated>2017-07-25T15:40:15.566Z</updated>
    
    <content type="html"><![CDATA[<p>最近在看Google的一个开源项目 Topeka ,想研究一下,了解大神都怎么写代码的.<br>官方介绍只有一句话：一部有趣的问答应用！<br><a href="https://github.com/googlesamples/android-topeka" target="_blank" rel="external">传送门</a></p>
<p>在app的登录页面有一个头像选择,实现了圆形头像,选择头像时ImageView外圈增加一个圆圈,而且适配了5.0以上的版本.实现也很优雅.于是我就仿照写了一个圆角的 ImageView.</p>
<p>效果如下：屏幕中间的就是自定义的 圆角ImageView</p>
<p><img src="http://otiwf3ulm.bkt.clouddn.com/c739a9fae63484169161c2cf6d5fd795.png" alt="RoundImageView"></p>
<p>布局文件如下:</p>
<p>使用方法也很简单,在布局文件中使用就可以了:<br><figure class="highlight plain"><table><tr><td class="gutter"><pre><div class="line">1</div><div class="line">2</div><div class="line">3</div><div class="line">4</div><div class="line">5</div><div class="line">6</div><div class="line">7</div><div class="line">8</div><div class="line">9</div><div class="line">10</div><div class="line">11</div><div class="line">12</div><div class="line">13</div><div class="line">14</div><div class="line">15</div><div class="line">16</div></pre></td><td class="code"><pre><div class="line">&lt;?xml version=&quot;1.0&quot; encoding=&quot;utf-8&quot;?&gt;</div><div class="line">&lt;RelativeLayout xmlns:android=&quot;http://schemas.android.com/apk/res/android&quot;</div><div class="line">    android:layout_width=&quot;match_parent&quot;</div><div class="line">    android:layout_height=&quot;match_parent&quot;</div><div class="line">    &gt;</div><div class="line"></div><div class="line"></div><div class="line">  &lt;com.sync.customviewstudy.view.RoundImageView</div><div class="line">      android:layout_width=&quot;80dp&quot;</div><div class="line">      android:layout_height=&quot;80dp&quot;</div><div class="line">      android:layout_centerInParent=&quot;true&quot;</div><div class="line">      android:id=&quot;@+id/img&quot;</div><div class="line">      android:src=&quot;@mipmap/avatar_12_raster&quot;</div><div class="line">      /&gt;</div><div class="line"></div><div class="line">&lt;/RelativeLayout&gt;</div></pre></td></tr></table></figure></p>
<p>先上自定义ImageVIew的代码:</p>
<p>AvatarView.java<br><figure class="highlight plain"><table><tr><td class="gutter"><pre><div class="line">1</div><div class="line">2</div><div class="line">3</div><div class="line">4</div><div class="line">5</div><div class="line">6</div><div class="line">7</div><div class="line">8</div><div class="line">9</div><div class="line">10</div><div class="line">11</div><div class="line">12</div><div class="line">13</div><div class="line">14</div><div class="line">15</div><div class="line">16</div><div class="line">17</div><div class="line">18</div><div class="line">19</div><div class="line">20</div><div class="line">21</div><div class="line">22</div><div class="line">23</div><div class="line">24</div><div class="line">25</div><div class="line">26</div><div class="line">27</div><div class="line">28</div><div class="line">29</div><div class="line">30</div><div class="line">31</div><div class="line">32</div><div class="line">33</div><div class="line">34</div><div class="line">35</div><div class="line">36</div><div class="line">37</div><div class="line">38</div><div class="line">39</div><div class="line">40</div><div class="line">41</div><div class="line">42</div><div class="line">43</div></pre></td><td class="code"><pre><div class="line">/**</div><div class="line"> * Description: 圆形头像</div><div class="line"> * Author：Mari on 2017-07-25 22:30</div><div class="line"> * Contact：289168296@qq.com</div><div class="line"> */</div><div class="line">public class RoundImageView extends ImageView &#123;</div><div class="line"></div><div class="line">  public RoundImageView(Context context) &#123;</div><div class="line">    super(context);</div><div class="line">  &#125;</div><div class="line"></div><div class="line">  public RoundImageView(Context context, @Nullable AttributeSet attrs) &#123;</div><div class="line">    super(context, attrs);</div><div class="line">  &#125;</div><div class="line"></div><div class="line">  public RoundImageView(Context context, @Nullable AttributeSet attrs, int defStyleAttr) &#123;</div><div class="line">    super(context, attrs, defStyleAttr);</div><div class="line">  &#125;</div><div class="line"></div><div class="line">  @Override public void setImageDrawable(@Nullable Drawable drawable) &#123;</div><div class="line">    if (ApiLevelHelper.isAtLeast(Build.VERSION_CODES.LOLLIPOP)) &#123;</div><div class="line">      setClipToOutline(true);</div><div class="line">      super.setImageDrawable(drawable);</div><div class="line">    &#125; else &#123;</div><div class="line">      BitmapDrawable bitmapDrawable = (BitmapDrawable) drawable;</div><div class="line">      RoundedBitmapDrawable roundedDrawable =</div><div class="line">          RoundedBitmapDrawableFactory.create(getResources(), bitmapDrawable.getBitmap());</div><div class="line">      roundedDrawable.setCircular(true);</div><div class="line">      super.setImageDrawable(roundedDrawable);</div><div class="line">    &#125;</div><div class="line">  &#125;</div><div class="line"></div><div class="line">  // onLayout() 之后调用</div><div class="line">  @Override protected void onSizeChanged(int w, int h, int oldw, int oldh) &#123;</div><div class="line">    super.onSizeChanged(w, h, oldw, oldh);</div><div class="line">    if (ApiLevelHelper.isLowerThan(Build.VERSION_CODES.LOLLIPOP)) &#123;</div><div class="line">      return;</div><div class="line">    &#125;</div><div class="line">    if (w &gt; 0 &amp;&amp; h &gt; 0) &#123;</div><div class="line">      setOutlineProvider(new RoundOutlineProvider(Math.min(w, h)));</div><div class="line">    &#125;</div><div class="line">  &#125;</div><div class="line">&#125;</div></pre></td></tr></table></figure></p>
<p>代码很少,在 <code>setImageDrawable</code>,<code>onSizeChanged</code> 两个方法中区分 Android 5.0 即以上版本和5.0一下2个版本不同的处理方式, 5.0 以下版本使用 <code>RoundedBitmapDrawable</code> 实现圆形 <code>drawable</code> 资源,<br>而在 5.0 以上版本使用 <code>RoundOutlineProvider</code> 实现圆角 <code>drawable</code> 资源. ‘RoundOutlineProvider’ 继承 <code>ViewOutlineProvider</code> 这个类是在 <code>android.view.ViewOutlineProvider</code> 包下面,大家想要了解更多可以自己去找下资料看看哈.</p>
<p>RoundOutlineProvider.java</p>
<figure class="highlight plain"><table><tr><td class="gutter"><pre><div class="line">1</div><div class="line">2</div><div class="line">3</div><div class="line">4</div><div class="line">5</div><div class="line">6</div><div class="line">7</div><div class="line">8</div><div class="line">9</div><div class="line">10</div><div class="line">11</div><div class="line">12</div><div class="line">13</div><div class="line">14</div><div class="line">15</div><div class="line">16</div><div class="line">17</div></pre></td><td class="code"><pre><div class="line">/**</div><div class="line"> * Description: Creates round outlines for views.</div><div class="line"> * Author：Mari on 2017-07-25 22:30</div><div class="line"> * Contact：289168296@qq.com</div><div class="line"> */</div><div class="line">@RequiresApi(api = Build.VERSION_CODES.LOLLIPOP) public class RoundOutlineProvider extends ViewOutlineProvider &#123;</div><div class="line"></div><div class="line">  private final int mSize;</div><div class="line"></div><div class="line">  public RoundOutlineProvider(int size) &#123;</div><div class="line">    mSize = size;</div><div class="line">  &#125;</div><div class="line"></div><div class="line">  @Override public void getOutline(View view, Outline outline) &#123;</div><div class="line">    outline.setOval(0, 0, mSize, mSize);</div><div class="line">  &#125;</div><div class="line">&#125;</div></pre></td></tr></table></figure>
<p>ApiLevelHelper.java</p>
<figure class="highlight plain"><table><tr><td class="gutter"><pre><div class="line">1</div><div class="line">2</div><div class="line">3</div><div class="line">4</div><div class="line">5</div><div class="line">6</div><div class="line">7</div><div class="line">8</div><div class="line">9</div><div class="line">10</div><div class="line">11</div><div class="line">12</div><div class="line">13</div><div class="line">14</div><div class="line">15</div><div class="line">16</div><div class="line">17</div><div class="line">18</div><div class="line">19</div><div class="line">20</div><div class="line">21</div><div class="line">22</div><div class="line">23</div><div class="line">24</div><div class="line">25</div><div class="line">26</div><div class="line">27</div><div class="line">28</div><div class="line">29</div><div class="line">30</div><div class="line">31</div></pre></td><td class="code"><pre><div class="line">/**</div><div class="line"> * Encapsulates checking api levels.</div><div class="line"> */</div><div class="line">public class ApiLevelHelper &#123;</div><div class="line"></div><div class="line">    private ApiLevelHelper() &#123;</div><div class="line">        //no instance</div><div class="line">    &#125;</div><div class="line"></div><div class="line">    /**</div><div class="line">     * Checks if the current api level is at least the provided value.</div><div class="line">     *</div><div class="line">     * @param apiLevel One of the values within &#123;@link Build.VERSION_CODES&#125;.</div><div class="line">     * @return &lt;code&gt;true&lt;/code&gt; if the calling version is at least &lt;code&gt;apiLevel&lt;/code&gt;.</div><div class="line">     * Else &lt;code&gt;false&lt;/code&gt; is returned.</div><div class="line">     */</div><div class="line">    public static boolean isAtLeast(int apiLevel) &#123;</div><div class="line">        return Build.VERSION.SDK_INT &gt;= apiLevel;</div><div class="line">    &#125;</div><div class="line"></div><div class="line">    /**</div><div class="line">     * Checks if the current api level is at lower than the provided value.</div><div class="line">     *</div><div class="line">     * @param apiLevel One of the values within &#123;@link Build.VERSION_CODES&#125;.</div><div class="line">     * @return &lt;code&gt;true&lt;/code&gt; if the calling version is lower than &lt;code&gt;apiLevel&lt;/code&gt;.</div><div class="line">     * Else &lt;code&gt;false&lt;/code&gt; is returned.</div><div class="line">     */</div><div class="line">    public static boolean isLowerThan(int apiLevel) &#123;</div><div class="line">        return Build.VERSION.SDK_INT &lt; apiLevel;</div><div class="line">    &#125;</div><div class="line">&#125;</div></pre></td></tr></table></figure>
<p>源代码地址: <a href="https://github.com/MariShunxiang/AndroidSamples/blob/master/widget/customviewstudy/src/main/java/com/sync/customviewstudy/view/RoundOutlineProvider.java" target="_blank" rel="external">https://github.com/MariShunxiang/AndroidSamples/blob/master/widget/customviewstudy/src/main/java/com/sync/customviewstudy/view/RoundOutlineProvider.java</a></p>
]]></content>
    
    <summary type="html">
    
      &lt;p&gt;最近在看Google的一个开源项目 Topeka ,想研究一下,了解大神都怎么写代码的.&lt;br&gt;官方介绍只有一句话：一部有趣的问答应用！&lt;br&gt;&lt;a href=&quot;https://github.com/googlesamples/android-topeka&quot; target=
    
    </summary>
    
      <category term="Android" scheme="http://yoursite.com/categories/Android/"/>
    
    
      <category term="View" scheme="http://yoursite.com/tags/View/"/>
    
  </entry>
  
  <entry>
    <title>Atom 编写 markdown 上传图片</title>
    <link href="http://yoursite.com/2017/07/23/Atom-%E7%BC%96%E5%86%99-markdown-%E4%B8%8A%E4%BC%A0%E5%9B%BE%E7%89%87/"/>
    <id>http://yoursite.com/2017/07/23/Atom-编写-markdown-上传图片/</id>
    <published>2017-07-23T07:34:13.000Z</published>
    <updated>2017-07-25T15:33:45.735Z</updated>
    
    <content type="html"><![CDATA[<p>因为对markdown比较感兴趣,平时的文档编写都是用markdown来完成.以前是用csdn的博客编辑器,支持图片上传,预览. 最近在公司的文档也开始用markdown来写了,就会遇到一个问题：如何上传图片？</p>
<p>最开始我不知道图床啥的,就是自己先把图片上传到 github ,然后再手动引用连接到文章中,这样的也能实现markdown的图片引用. 但是不够优雅,而且很麻烦.上传一张图片有4到5步操作.</p>
<p>然后发现了 Atom编辑器的两个插件,使用 7牛 作为图床可以实现： qq截图,然后直接在 Atom 的编辑页面 <code>ctrl+v</code> 粘贴, 弹出上传图片提示，会让你填写一个 <strong>title</strong> ，点击enter会自动构建一条markdown图片语句。这样上传图片就完成了.</p>
<p>效果如下：<br><img src="http://otiwf3ulm.bkt.clouddn.com/57ba925c75d800e6bfaeb1c3ddbf171d.png" alt="七牛云图床,一键上传图片"></p>
<p>这个就是我一键上传的图片,是不是很简单! 下面我就给大家介绍实现的方法:</p>
<h3 id="第一步-注册7牛云"><a href="#第一步-注册7牛云" class="headerlink" title="第一步, 注册7牛云"></a>第一步, 注册7牛云</h3><p>7牛云的注册,新建空间就不过多介绍了.</p>
<p>吴同学博客: <a href="http://wuxiaolong.me/2014/10/30/qiniu-photo-bed/" target="_blank" rel="external">使用七牛作为github博客的图床
</a></p>
<p>佚名大神博客: <a href="https://xbotao.github.io/hexo-admin-qiniu/2017/02/08/qiniu.html" target="_blank" rel="external">如何使用七牛</a></p>
<p>相信大家可以搞定的.</p>
<h3 id="第二步-下载-markdown-assistant-qiniu-uploader-插件"><a href="#第二步-下载-markdown-assistant-qiniu-uploader-插件" class="headerlink" title="第二步, 下载 markdown-assistant,qiniu-uploader 插件"></a>第二步, 下载 markdown-assistant,qiniu-uploader 插件</h3><p><img src="http://otiwf3ulm.bkt.clouddn.com/d9153249393eb1c106781ed1c6866207.png" alt="chajian"></p>
<p>安装好插件后还需要对它们进行设置:</p>
<p>设置markdown-assistant的时候发现，会让你填一个上传插件，而且默认已经帮你填好了qiniu-uploader，其实你也就什么都不用设置了。</p>
<p>如下图:</p>
<p><img src="http://otiwf3ulm.bkt.clouddn.com/6189cfff45711be2724861ae433c548d.png" alt="markdown-assistant"></p>
<p>设置qiniu-uploader，主要设置四个参数：</p>
<p><img src="http://otiwf3ulm.bkt.clouddn.com/860bd5505cf4ca4a196672eef5f10b26.png" alt="qiniu-uploader"></p>
<h3 id="qiniu-uploader-使用报错解决方法"><a href="#qiniu-uploader-使用报错解决方法" class="headerlink" title="qiniu-uploader 使用报错解决方法"></a>qiniu-uploader 使用报错解决方法</h3><p>我自己在使用 <code>qiniu-uploader</code> 时Atom提示错误,如下图:</p>
<p><img src="http://otiwf3ulm.bkt.clouddn.com/da79c8140fd97dc4248e3d616d06b3a9.png" alt="qiniu-error"></p>
<p>可能你们也会遇到这个问题,<br><a href="https://github.com/knightli/qiniu-uploader/issues/6" target="_blank" rel="external">解决方案地址</a></p>
<p>这里我整理了一下步骤:</p>
<ol>
<li><p>先找到 Atom 的配置文件,再找到插件的安装路径. 我的电脑是Windows系统,路径是是这样的 : <code>C:\Users\Administrator\.atom\packages\qiniu-uploader\node_modules\qiniu\qiniu</code></p>
</li>
<li><p>替换 <code>\qiniu</code> 文件夹下面的三个 .js 文件: <code>io.js</code>,<code>rpc.js</code>,<code>zone.js</code>, 然后就ok了</p>
</li>
</ol>
<p>为了方便大家更换这三个文件,我就贴出来了:</p>
<p>os.js<br><figure class="highlight plain"><table><tr><td class="gutter"><pre><div class="line">1</div><div class="line">2</div><div class="line">3</div><div class="line">4</div><div class="line">5</div><div class="line">6</div><div class="line">7</div><div class="line">8</div><div class="line">9</div><div class="line">10</div><div class="line">11</div><div class="line">12</div><div class="line">13</div><div class="line">14</div><div class="line">15</div><div class="line">16</div><div class="line">17</div><div class="line">18</div><div class="line">19</div><div class="line">20</div><div class="line">21</div><div class="line">22</div><div class="line">23</div><div class="line">24</div><div class="line">25</div><div class="line">26</div><div class="line">27</div><div class="line">28</div><div class="line">29</div><div class="line">30</div><div class="line">31</div><div class="line">32</div><div class="line">33</div><div class="line">34</div><div class="line">35</div><div class="line">36</div><div class="line">37</div><div class="line">38</div><div class="line">39</div><div class="line">40</div><div class="line">41</div><div class="line">42</div><div class="line">43</div><div class="line">44</div><div class="line">45</div><div class="line">46</div><div class="line">47</div><div class="line">48</div><div class="line">49</div><div class="line">50</div><div class="line">51</div><div class="line">52</div><div class="line">53</div><div class="line">54</div><div class="line">55</div><div class="line">56</div><div class="line">57</div><div class="line">58</div><div class="line">59</div><div class="line">60</div><div class="line">61</div><div class="line">62</div><div class="line">63</div><div class="line">64</div><div class="line">65</div><div class="line">66</div><div class="line">67</div><div class="line">68</div><div class="line">69</div><div class="line">70</div><div class="line">71</div><div class="line">72</div><div class="line">73</div><div class="line">74</div><div class="line">75</div><div class="line">76</div><div class="line">77</div><div class="line">78</div><div class="line">79</div><div class="line">80</div><div class="line">81</div><div class="line">82</div><div class="line">83</div><div class="line">84</div><div class="line">85</div><div class="line">86</div><div class="line">87</div><div class="line">88</div><div class="line">89</div><div class="line">90</div><div class="line">91</div><div class="line">92</div><div class="line">93</div><div class="line">94</div><div class="line">95</div><div class="line">96</div><div class="line">97</div><div class="line">98</div><div class="line">99</div><div class="line">100</div><div class="line">101</div><div class="line">102</div><div class="line">103</div><div class="line">104</div><div class="line">105</div><div class="line">106</div><div class="line">107</div><div class="line">108</div><div class="line">109</div><div class="line">110</div><div class="line">111</div><div class="line">112</div><div class="line">113</div><div class="line">114</div><div class="line">115</div><div class="line">116</div><div class="line">117</div><div class="line">118</div><div class="line">119</div><div class="line">120</div><div class="line">121</div><div class="line">122</div><div class="line">123</div><div class="line">124</div><div class="line">125</div><div class="line">126</div><div class="line">127</div><div class="line">128</div></pre></td><td class="code"><pre><div class="line">var conf = require(&apos;./conf&apos;);</div><div class="line">var util = require(&apos;./util&apos;);</div><div class="line">var rpc = require(&apos;./rpc&apos;);</div><div class="line">var fs = require(&apos;fs&apos;);</div><div class="line">var getCrc32 = require(&apos;crc32&apos;);</div><div class="line">var url = require(&apos;url&apos;);</div><div class="line">var mime = require(&apos;mime&apos;);</div><div class="line">var Readable = require(&apos;stream&apos;).Readable;</div><div class="line">var formstream = require(&apos;formstream&apos;);</div><div class="line">var urllib = require(&apos;urllib&apos;);</div><div class="line">var zone = require(&apos;./zone&apos;);</div><div class="line"></div><div class="line">exports.UNDEFINED_KEY = &apos;?&apos;</div><div class="line">exports.PutExtra = PutExtra;</div><div class="line">exports.PutRet = PutRet;</div><div class="line">exports.put = put;</div><div class="line">exports.putWithoutKey = putWithoutKey;</div><div class="line">exports.putFile = putFile;</div><div class="line">exports.putReadable = putReadable;</div><div class="line">exports.putFileWithoutKey = putFileWithoutKey;</div><div class="line"></div><div class="line">// @gist PutExtra</div><div class="line">function PutExtra(params, mimeType, crc32, checkCrc) &#123;</div><div class="line">  this.params = params || &#123;&#125;;</div><div class="line">  this.mimeType = mimeType || null;</div><div class="line">  this.crc32 = crc32 || null;</div><div class="line">  this.checkCrc = checkCrc || 0;</div><div class="line">&#125;</div><div class="line">// @endgist</div><div class="line"></div><div class="line">function PutRet(hash, key) &#123;</div><div class="line">  this.hash = hash || null;</div><div class="line">  this.key = key || null;</div><div class="line">&#125;</div><div class="line"></div><div class="line">// onret: callback function instead of ret</div><div class="line">function putReadable (uptoken, key, rs, extra, onret) &#123;</div><div class="line">  if (!extra) &#123;</div><div class="line">    extra = new PutExtra();</div><div class="line">  &#125;</div><div class="line">  if (!extra.mimeType) &#123;</div><div class="line">    extra.mimeType = &apos;application/octet-stream&apos;;</div><div class="line">  &#125;</div><div class="line"></div><div class="line">  if (!key) &#123;</div><div class="line">    key = exports.UNDEFINED_KEY;</div><div class="line">  &#125;</div><div class="line"></div><div class="line">  rs.on(&quot;error&quot;, function (err) &#123;</div><div class="line">      onret(&#123;code: -1, error: err.toString()&#125;, &#123;&#125;);</div><div class="line">  &#125;);</div><div class="line"></div><div class="line"></div><div class="line">  // 设置上传域名</div><div class="line">  // zone.up_host(uptoken, conf);</div><div class="line">  zone.up_host_async(uptoken, conf, function() &#123;</div><div class="line">      var form = getMultipart(uptoken, key, rs, extra);</div><div class="line">      return rpc.postMultipart(conf.UP_HOST, form, onret);</div><div class="line">  &#125;);</div><div class="line"></div><div class="line">&#125;</div><div class="line"></div><div class="line"></div><div class="line">function put(uptoken, key, body, extra, onret) &#123;</div><div class="line">  var rs = new Readable();</div><div class="line">  rs.push(body);</div><div class="line">  rs.push(null);</div><div class="line"></div><div class="line">  if (!extra) &#123;</div><div class="line">    extra = new PutExtra();</div><div class="line">  &#125;</div><div class="line">  if (extra.checkCrc == 1) &#123;</div><div class="line">    var bodyCrc32 = getCrc32(body);</div><div class="line">    extra.crc32 = &apos;&apos; + parseInt(bodyCrc32, 16);</div><div class="line">  &#125; else if (extra.checkCrc == 2 &amp;&amp; extra.crc32) &#123;</div><div class="line">    extra.crc32 = &apos;&apos; + extra.crc32</div><div class="line">  &#125;</div><div class="line">  return putReadable(uptoken, key, rs, extra, onret)</div><div class="line">&#125;</div><div class="line"></div><div class="line">function putWithoutKey(uptoken, body, extra, onret) &#123;</div><div class="line">  return put(uptoken, null, body, extra, onret);</div><div class="line">&#125;</div><div class="line"></div><div class="line">function getMultipart(uptoken, key, rs, extra) &#123;</div><div class="line"></div><div class="line">  var form = formstream();</div><div class="line"></div><div class="line">  form.field(&apos;token&apos;, uptoken);</div><div class="line">  if (key != exports.UNDEFINED_KEY) &#123;</div><div class="line">    form.field(&apos;key&apos;, key);</div><div class="line">  &#125;</div><div class="line">  form.stream(&apos;file&apos;, rs, key, extra.mimeType);</div><div class="line"></div><div class="line">  if (extra.crc32) &#123;</div><div class="line">    form.field(&apos;crc32&apos;, extra.crc32);</div><div class="line">  &#125;</div><div class="line"></div><div class="line">  for (var k in extra.params) &#123;</div><div class="line">    form.field(k, extra.params[k]);</div><div class="line">  &#125;</div><div class="line"></div><div class="line">  return form;</div><div class="line">&#125;</div><div class="line"></div><div class="line">function putFile(uptoken, key, loadFile, extra, onret) &#123;</div><div class="line"></div><div class="line">  var rs = fs.createReadStream(loadFile);</div><div class="line"></div><div class="line">  if (!extra) &#123;</div><div class="line">    extra = new PutExtra();</div><div class="line">  &#125;</div><div class="line">  if (extra.checkCrc == 1) &#123;</div><div class="line">    var fileCrc32 = getCrc32(fs.readFileSync(loadFile));</div><div class="line">    extra.crc32 = &apos;&apos; + parseInt(fileCrc32, 16);</div><div class="line">  &#125; else if (extra.checkCrc == 2 &amp;&amp; extra.crc32) &#123;</div><div class="line">    extra.crc32 = &apos;&apos; + extra.crc32</div><div class="line">  &#125;</div><div class="line">  if (!extra.mimeType) &#123;</div><div class="line">    extra.mimeType = mime.lookup(loadFile);</div><div class="line">  &#125;</div><div class="line"></div><div class="line">  return putReadable(uptoken, key, rs, extra, onret);</div><div class="line">&#125;</div><div class="line"></div><div class="line">function putFileWithoutKey(uptoken, loadFile, extra, onret) &#123;</div><div class="line">  return putFile(uptoken, null, loadFile, extra, onret);</div><div class="line">&#125;</div></pre></td></tr></table></figure></p>
<p>rpc.js<br><figure class="highlight plain"><table><tr><td class="gutter"><pre><div class="line">1</div><div class="line">2</div><div class="line">3</div><div class="line">4</div><div class="line">5</div><div class="line">6</div><div class="line">7</div><div class="line">8</div><div class="line">9</div><div class="line">10</div><div class="line">11</div><div class="line">12</div><div class="line">13</div><div class="line">14</div><div class="line">15</div><div class="line">16</div><div class="line">17</div><div class="line">18</div><div class="line">19</div><div class="line">20</div><div class="line">21</div><div class="line">22</div><div class="line">23</div><div class="line">24</div><div class="line">25</div><div class="line">26</div><div class="line">27</div><div class="line">28</div><div class="line">29</div><div class="line">30</div><div class="line">31</div><div class="line">32</div><div class="line">33</div><div class="line">34</div><div class="line">35</div><div class="line">36</div><div class="line">37</div><div class="line">38</div><div class="line">39</div><div class="line">40</div><div class="line">41</div><div class="line">42</div><div class="line">43</div><div class="line">44</div><div class="line">45</div><div class="line">46</div><div class="line">47</div><div class="line">48</div><div class="line">49</div><div class="line">50</div><div class="line">51</div><div class="line">52</div><div class="line">53</div><div class="line">54</div><div class="line">55</div><div class="line">56</div><div class="line">57</div><div class="line">58</div><div class="line">59</div><div class="line">60</div><div class="line">61</div></pre></td><td class="code"><pre><div class="line">var urllib = require(&apos;urllib&apos;);</div><div class="line">var util = require(&apos;./util&apos;);</div><div class="line">var conf = require(&apos;./conf&apos;);</div><div class="line"></div><div class="line">exports.postMultipart = postMultipart;</div><div class="line">exports.postWithForm = postWithForm;</div><div class="line">exports.postWithoutForm = postWithoutForm;</div><div class="line"></div><div class="line">function postMultipart(uri, form, onret) &#123;</div><div class="line">  return post(uri, form, form.headers(), onret);</div><div class="line">&#125;</div><div class="line"></div><div class="line">function postWithForm(uri, form, token, onret) &#123;</div><div class="line">  var headers = &#123;</div><div class="line">    &apos;Content-Type&apos;: &apos;application/x-www-form-urlencoded&apos;</div><div class="line">  &#125;;</div><div class="line">  if (token) &#123;</div><div class="line">    headers[&apos;Authorization&apos;] = token;</div><div class="line">  &#125;</div><div class="line">  return post(uri, form, headers, onret);</div><div class="line">&#125;</div><div class="line"></div><div class="line">function postWithoutForm(uri, token, onret) &#123;</div><div class="line">  var headers = &#123;</div><div class="line">    &apos;Content-Type&apos;: &apos;application/x-www-form-urlencoded&apos;,</div><div class="line">  &#125;;</div><div class="line">  if (token) &#123;</div><div class="line">    headers[&apos;Authorization&apos;] = token;</div><div class="line">  &#125;</div><div class="line">  return post(uri, null, headers, onret);</div><div class="line">&#125;</div><div class="line"></div><div class="line">function post(uri, form, headers, onresp) &#123;</div><div class="line">  headers = headers || &#123;&#125;;</div><div class="line">  headers[&apos;User-Agent&apos;] = headers[&apos;User-Agent&apos;] || conf.USER_AGENT;</div><div class="line"></div><div class="line"></div><div class="line">  var data = &#123;</div><div class="line">    headers: headers,</div><div class="line">    method: &apos;POST&apos;,</div><div class="line">    dataType: &apos;json&apos;,</div><div class="line">    timeout: conf.RPC_TIMEOUT,</div><div class="line">  &#125;;</div><div class="line">  if (Buffer.isBuffer(form) || typeof form === &apos;string&apos;) &#123;</div><div class="line">    data.content = form;</div><div class="line">  &#125; else if (form) &#123;</div><div class="line">    data.stream = form;</div><div class="line">  &#125; else &#123;</div><div class="line">    data.headers[&apos;Content-Length&apos;] = 0;</div><div class="line">  &#125;;</div><div class="line"></div><div class="line">  var req = urllib.request(uri, data, function(err, result, res) &#123;</div><div class="line">    var rerr = null;</div><div class="line">    if (err || Math.floor(res.statusCode/100) !== 2) &#123;</div><div class="line">      rerr = &#123;code: res&amp;&amp;res.statusCode||-1, error: err||result&amp;&amp;result.error||&apos;&apos;&#125;;</div><div class="line">    &#125;</div><div class="line">    onresp(rerr, result, res);</div><div class="line">  &#125;);</div><div class="line"></div><div class="line">  return req;</div><div class="line">&#125;</div></pre></td></tr></table></figure></p>
<p>zone.js<br><figure class="highlight plain"><table><tr><td class="gutter"><pre><div class="line">1</div><div class="line">2</div><div class="line">3</div><div class="line">4</div><div class="line">5</div><div class="line">6</div><div class="line">7</div><div class="line">8</div><div class="line">9</div><div class="line">10</div><div class="line">11</div><div class="line">12</div><div class="line">13</div><div class="line">14</div><div class="line">15</div><div class="line">16</div><div class="line">17</div><div class="line">18</div><div class="line">19</div><div class="line">20</div><div class="line">21</div><div class="line">22</div><div class="line">23</div><div class="line">24</div><div class="line">25</div><div class="line">26</div><div class="line">27</div><div class="line">28</div><div class="line">29</div><div class="line">30</div><div class="line">31</div><div class="line">32</div><div class="line">33</div><div class="line">34</div><div class="line">35</div><div class="line">36</div><div class="line">37</div><div class="line">38</div><div class="line">39</div><div class="line">40</div><div class="line">41</div><div class="line">42</div><div class="line">43</div><div class="line">44</div><div class="line">45</div><div class="line">46</div><div class="line">47</div><div class="line">48</div><div class="line">49</div><div class="line">50</div><div class="line">51</div><div class="line">52</div><div class="line">53</div><div class="line">54</div><div class="line">55</div><div class="line">56</div><div class="line">57</div><div class="line">58</div><div class="line">59</div><div class="line">60</div><div class="line">61</div><div class="line">62</div><div class="line">63</div><div class="line">64</div><div class="line">65</div><div class="line">66</div><div class="line">67</div><div class="line">68</div><div class="line">69</div><div class="line">70</div><div class="line">71</div><div class="line">72</div><div class="line">73</div><div class="line">74</div><div class="line">75</div><div class="line">76</div><div class="line">77</div><div class="line">78</div><div class="line">79</div><div class="line">80</div><div class="line">81</div><div class="line">82</div><div class="line">83</div><div class="line">84</div><div class="line">85</div><div class="line">86</div><div class="line">87</div><div class="line">88</div><div class="line">89</div><div class="line">90</div><div class="line">91</div><div class="line">92</div><div class="line">93</div><div class="line">94</div><div class="line">95</div><div class="line">96</div><div class="line">97</div><div class="line">98</div><div class="line">99</div><div class="line">100</div><div class="line">101</div><div class="line">102</div><div class="line">103</div><div class="line">104</div><div class="line">105</div><div class="line">106</div><div class="line">107</div><div class="line">108</div><div class="line">109</div><div class="line">110</div><div class="line">111</div><div class="line">112</div><div class="line">113</div><div class="line">114</div><div class="line">115</div><div class="line">116</div><div class="line">117</div><div class="line">118</div><div class="line">119</div><div class="line">120</div><div class="line">121</div><div class="line">122</div><div class="line">123</div><div class="line">124</div><div class="line">125</div><div class="line">126</div><div class="line">127</div><div class="line">128</div><div class="line">129</div><div class="line">130</div><div class="line">131</div><div class="line">132</div><div class="line">133</div><div class="line">134</div><div class="line">135</div><div class="line">136</div><div class="line">137</div></pre></td><td class="code"><pre><div class="line">// var request = require(&apos;urllib-sync&apos;).request;</div><div class="line">var urllib = require(&apos;urllib&apos;);</div><div class="line">var util = require(&apos;./util&apos;);</div><div class="line">//conf 为全局变量</div><div class="line">exports.up_host = function (uptoken, conf)&#123;</div><div class="line"></div><div class="line">    var version = process.versions;</div><div class="line">    var num = version.node.split(&quot;.&quot;)[0];</div><div class="line"></div><div class="line">    // node 版本号低于 1.0.0, 使用默认域名上传，可以在conf中指定上传域名</div><div class="line">    if(num &lt; 1 )&#123;</div><div class="line">        conf.AUTOZONE = false;</div><div class="line">    &#125;</div><div class="line"></div><div class="line">    if(!conf.AUTOZONE)&#123;</div><div class="line">        return;</div><div class="line">    &#125;</div><div class="line"></div><div class="line">    var ak = uptoken.toString().split(&quot;:&quot;)[0];</div><div class="line">    var tokenPolicy = uptoken.toString().split(&quot;:&quot;)[2];</div><div class="line">    var tokenPolicyStr = new Buffer(tokenPolicy, &apos;base64&apos;).toString();</div><div class="line">    var json_tokenPolicyStr = JSON.parse(tokenPolicyStr);</div><div class="line"></div><div class="line">    var scope = json_tokenPolicyStr.scope;</div><div class="line">    var bucket = scope.toString().split(&quot;:&quot;)[0];</div><div class="line"></div><div class="line">    // bucket 相同，上传域名仍在过期时间内</div><div class="line">    if((new Date().getTime() &lt; conf.EXPIRE) &amp;&amp; bucket == conf.BUCKET)&#123;</div><div class="line">        return;</div><div class="line">    &#125;</div><div class="line"></div><div class="line">    //记录bucket名</div><div class="line">    conf.BUCKET = bucket;</div><div class="line"></div><div class="line">    var request_url = &apos;http://uc.qbox.me/v1/query?ak=&apos;+ ak + &apos;&amp;bucket=&apos; + bucket;</div><div class="line"></div><div class="line">    var res = request(&apos;http://uc.qbox.me/v1/query?ak=&apos;+ ak + &apos;&amp;bucket=&apos; + bucket, &#123;</div><div class="line">      &apos;headers&apos;: &#123;</div><div class="line">        &apos;Content-Type&apos;: &apos;application/json&apos;</div><div class="line">      &#125;</div><div class="line">    &#125;);</div><div class="line"></div><div class="line">    if(res.statusCode == 200)&#123;</div><div class="line"></div><div class="line">        var json_str = JSON.parse(res.body.toString());</div><div class="line"></div><div class="line">        //判断设置使用的协议, 默认使用http</div><div class="line">        if(conf.SCHEME == &apos;http&apos;)&#123;</div><div class="line">            conf.UP_HOST = json_str.http.up[1];</div><div class="line">        &#125;else&#123;</div><div class="line">            conf.UP_HOST = json_str.https.up[0];</div><div class="line">        &#125;</div><div class="line"></div><div class="line">        conf.EXPIRE = 86400 + new Date().getTime();</div><div class="line"></div><div class="line">    &#125;else&#123;</div><div class="line">        var err = new Error(&apos;Server responded with status code &apos; + res.statusCode + &apos;:\n&apos; + res.body.toString());</div><div class="line">        err.statusCode = res.statusCode;</div><div class="line">        err.headers = res.headers;</div><div class="line">        err.body = res.body;</div><div class="line">        throw err;</div><div class="line">    &#125;</div><div class="line"></div><div class="line"></div><div class="line"></div><div class="line">&#125;</div><div class="line"></div><div class="line"></div><div class="line"></div><div class="line">exports.up_host_async = function (uptoken, conf, callback)&#123;</div><div class="line"></div><div class="line">    var version = process.versions;</div><div class="line">    var num = version.node.split(&quot;.&quot;)[0];</div><div class="line"></div><div class="line">    // node 版本号低于 1.0.0, 使用默认域名上传，可以在conf中指定上传域名</div><div class="line">    if(num &lt; 1 )&#123;</div><div class="line">        conf.AUTOZONE = false;</div><div class="line">    &#125;</div><div class="line"></div><div class="line">    if(!conf.AUTOZONE)&#123;</div><div class="line">        callback();</div><div class="line">        return;</div><div class="line">    &#125;</div><div class="line"></div><div class="line">    var ak = uptoken.toString().split(&quot;:&quot;)[0];</div><div class="line">    var tokenPolicy = uptoken.toString().split(&quot;:&quot;)[2];</div><div class="line">    var tokenPolicyStr = new Buffer(tokenPolicy, &apos;base64&apos;).toString();</div><div class="line">    var json_tokenPolicyStr = JSON.parse(tokenPolicyStr);</div><div class="line"></div><div class="line">    var scope = json_tokenPolicyStr.scope;</div><div class="line">    var bucket = scope.toString().split(&quot;:&quot;)[0];</div><div class="line"></div><div class="line">    // bucket 相同，上传域名仍在过期时间内</div><div class="line">    if((new Date().getTime() &lt; conf.EXPIRE) &amp;&amp; bucket == conf.BUCKET)&#123;</div><div class="line">        callback();</div><div class="line">        return;</div><div class="line">    &#125;</div><div class="line"></div><div class="line">    //记录bucket名</div><div class="line">    conf.BUCKET = bucket;</div><div class="line">    var request_url = &apos;http://uc.qbox.me/v1/query?ak=&apos;+ ak + &apos;&amp;bucket=&apos; + bucket;</div><div class="line">    var data = &#123;</div><div class="line">      contentType: &apos;application/json&apos;,</div><div class="line">      method: &apos;GET&apos;,</div><div class="line">    &#125;;</div><div class="line"></div><div class="line"></div><div class="line">    var req = urllib.request(request_url, data, function(err, result, res) &#123;</div><div class="line">      // console.log(result);</div><div class="line">      if(res.statusCode == 200)&#123;</div><div class="line">          // console.log(result);</div><div class="line">          var json_str = JSON.parse(result.toString());</div><div class="line">          // console.log(json_str);</div><div class="line">          //判断设置使用的协议, 默认使用http</div><div class="line">          if(conf.SCHEME == &apos;http&apos;)&#123;</div><div class="line">              conf.UP_HOST = json_str.http.up[1];</div><div class="line">          &#125;else&#123;</div><div class="line">              conf.UP_HOST = json_str.https.up[0];</div><div class="line">          &#125;</div><div class="line"></div><div class="line">          conf.EXPIRE = 86400 + new Date().getTime();</div><div class="line">          callback();</div><div class="line">          return;</div><div class="line">      &#125;else&#123;</div><div class="line">          var err = new Error(&apos;Server responded with status code &apos; + res.statusCode + &apos;:\n&apos; + res.body.toString());</div><div class="line">          err.statusCode = res.statusCode;</div><div class="line">          err.headers = res.headers;</div><div class="line">          err.body = res.body;</div><div class="line">          throw err;</div><div class="line">          callback();</div><div class="line">      &#125;</div><div class="line">    &#125;);</div><div class="line"></div><div class="line">    return;</div><div class="line"></div><div class="line"></div><div class="line">&#125;</div></pre></td></tr></table></figure></p>
]]></content>
    
    <summary type="html">
    
      &lt;p&gt;因为对markdown比较感兴趣,平时的文档编写都是用markdown来完成.以前是用csdn的博客编辑器,支持图片上传,预览. 最近在公司的文档也开始用markdown来写了,就会遇到一个问题：如何上传图片？&lt;/p&gt;
&lt;p&gt;最开始我不知道图床啥的,就是自己先把图片上传到 
    
    </summary>
    
      <category term="Markdown" scheme="http://yoursite.com/categories/Markdown/"/>
    
    
      <category term="markdown" scheme="http://yoursite.com/tags/markdown/"/>
    
  </entry>
  
</feed>
